t1, f1, Stopped
t1, f2, Stopped
t1, f3, Stopped
t1, f4, Stopped
t1, f5, Stopped
t1, f6, Realizable
t1, f7, Stopped
t1, f8, Stopped
t1, f9, Stopped
t1, f10, Stopped
t1, f11, Stopped
t1, f12, Realizable
t1, f13, Stopped
t1, f14, Stopped
t1, f15, Realizable
t1, f16, Stopped
t1, f17, Stopped
t1, f18, Stopped
t1, f19, Stopped
t1, f20, Stopped
t1, f21, Stopped
t1, f22, Stopped
t1, f23, Stopped
t1, f24, Stopped
t1, f25, Stopped
t1, f26, Stopped
t1, f27, Stopped
t1, f28, Stopped
t1, f29, Stopped
t1, f30, Stopped
t1, f31, Stopped
t1, f32, Stopped
t1, f33, Stopped
t1, f34, Stopped
t1, f35, Stopped
t1, f36, Stopped
t1, f37, Stopped
t1, f38, Stopped
t1, f39, Stopped
t1, f40, Stopped
t1, f41, Stopped
t1, f42, Stopped
t1, f43, Stopped
t1, f44, Stopped
t1, f45, Stopped
t1, f46, Realizable
t1, f47, Stopped
t1, f48, Stopped
t1, f49, Stopped
t1, f50, Stopped
t1, f51, Stopped
t1, f52, Stopped
t1, f53, Stopped
t1, f54, Realizable
t1, f55, Stopped
t1, f56, Stopped
t1, f57, Stopped
t1, f58, Stopped
t1, f59, Stopped
t1, f60, Stopped
t1, f61, Stopped
t1, f62, Stopped
t1, f63, Stopped
t1, f64, Stopped
t1, f65, Stopped
t1, f66, Stopped
t1, f67, Stopped
t1, f68, Stopped
t1, f69, Stopped
t1, f70, Stopped
t1, f71, Stopped
t1, f72, Stopped
t1, f73, Stopped
t1, f74, Stopped
t1, f75, Stopped
t1, f76, Stopped
t1, f77, Stopped
t1, f78, Stopped
t1, f79, Stopped
t1, f80, Stopped
t1, f81, Stopped
t1, f82, Stopped
t1, f83, Stopped
t1, f84, Stopped
t1, f85, Stopped
t1, f86, Stopped
t1, f87, Stopped
t1, f88, Stopped
t1, f89, Realizable
t1, f90, Stopped
t1, f91, Stopped
t1, f92, Stopped
t1, f93, Stopped
t1, f94, Stopped
t1, f95, Stopped
t1, f96, Stopped
t1, f97, Stopped
t1, f98, Realizable
t1, f99, Stopped
t1, f100, Stopped
t1, f101, Stopped
t1, f102, Stopped
t1, f103, Stopped
t1, f104, Stopped
t1, f105, Stopped
t1, f106, Stopped
t1, f107, Stopped
t1, f108, Stopped
t1, f109, Stopped
t1, f110, Stopped
t1, f111, Stopped
t1, f112, Stopped
t1, f113, Stopped
t1, f114, Stopped
t1, f115, Stopped
t1, f116, Stopped
t1, f117, Stopped
t1, f118, Stopped
t1, f119, Stopped
t1, f120, Stopped
t1, f121, Stopped
t1, f122, Stopped
t1, f123, Stopped
t1, f124, Stopped
t1, f125, Stopped
t1, f126, Stopped
t1, f127, Stopped
t1, f128, Stopped
t1, f129, Stopped
t1, f130, Stopped
t1, f131, Stopped
t1, f132, Stopped
t1, f133, Stopped
t1, f134, Stopped
t1, f135, Stopped
t1, f136, Stopped
t1, f137, Stopped
t1, f138, Stopped
t1, f139, Realizable
t1, f140, Stopped
t1, f141, Stopped
t1, f142, Stopped
t1, f143, Realizable
t1, f144, Stopped
t1, f145, Stopped
t1, f146, Stopped
t1, f147, Stopped
t1, f148, Stopped
t1, f149, Stopped
t1, f150, Stopped
t1, f151, Stopped
t1, f152, Stopped
t1, f153, Stopped
t1, f154, Stopped
t1, f155, Stopped
t1, f156, Stopped
t1, f157, Stopped
t1, f158, Stopped
t1, f159, Stopped
t1, f160, Stopped
t1, f161, Stopped
t1, f162, Stopped
t1, f163, Stopped
t1, f164, Stopped
t1, f165, Stopped
t1, f166, Stopped
t1, f167, Stopped
t1, f168, Stopped
t1, f169, Realizable
t1, f170, Stopped
t1, f171, Stopped
t1, f172, Stopped
t1, f173, Stopped
t1, f174, Realizable
t1, f175, Stopped
t1, f176, Stopped
t1, f177, Stopped
t1, f178, Stopped
t1, f179, Stopped
t1, f180, Stopped
t1, f181, Stopped
t1, f182, Stopped
t1, f183, Stopped
t1, f184, Stopped
t1, f185, Stopped
t1, f186, Stopped
t1, f187, Stopped
t1, f188, Stopped
t1, f189, Stopped
t1, f190, Stopped
t1, f191, Stopped
t1, f192, Stopped
t1, f193, Stopped
t1, f194, Stopped
t1, f195, Stopped
t1, f196, Stopped
t1, f197, Stopped
t1, f198, Stopped
t1, f199, Stopped
t1, f200, Stopped
t2, f1, Stopped
t2, f2, Stopped
t2, f3, Stopped
t2, f4, Stopped
t2, f5, Stopped
t2, f6, Stopped
t2, f7, Stopped
t2, f8, Stopped
t2, f9, Stopped
t2, f10, Realizable
t2, f11, Stopped
t2, f12, Stopped
t2, f13, Stopped
t2, f14, Stopped
t2, f15, Stopped
t2, f16, Stopped
t2, f17, Stopped
t2, f18, Stopped
t2, f19, Stopped
t2, f20, Stopped
t2, f21, Stopped
t2, f22, Stopped
t2, f23, Stopped
t2, f24, Stopped
t2, f25, Stopped
t2, f26, Stopped
t2, f27, Realizable
t2, f28, Stopped
t2, f29, Stopped
t2, f30, Stopped
t2, f31, Stopped
t2, f32, Stopped
t2, f33, Stopped
t2, f34, Stopped
t2, f35, Stopped
t2, f36, Stopped
t2, f37, Stopped
t2, f38, Stopped
t2, f39, Realizable
t2, f40, Stopped
t2, f41, Stopped
t2, f42, Stopped
t2, f43, Stopped
t2, f44, Stopped
t2, f45, Stopped
t2, f46, Stopped
t2, f47, Stopped
t2, f48, Stopped
t2, f49, Stopped
t2, f50, Stopped
t2, f51, Stopped
t2, f52, Stopped
t2, f53, Stopped
t2, f54, Stopped
t2, f55, Stopped
t2, f56, Stopped
t2, f57, Stopped
t2, f58, Stopped
t2, f59, Stopped
t2, f60, Stopped
t2, f61, Stopped
t2, f62, Stopped
t2, f63, Stopped
t2, f64, Stopped
t2, f65, Stopped
t2, f66, Realizable
t2, f67, Stopped
t2, f68, Stopped
t2, f69, Stopped
t2, f70, Stopped
t2, f71, Stopped
t2, f72, Realizable
t2, f73, Stopped
t2, f74, Realizable
t2, f75, Stopped
t2, f76, Stopped
t2, f77, Stopped
t2, f78, Stopped
t2, f79, Stopped
t2, f80, Stopped
t2, f81, Stopped
t2, f82, Stopped
t2, f83, Stopped
t2, f84, Stopped
t2, f85, Stopped
t2, f86, Stopped
t2, f87, Stopped
t2, f88, Stopped
t2, f89, Stopped
t2, f90, Stopped
t2, f91, Stopped
t2, f92, Stopped
t2, f93, Stopped
t2, f94, Stopped
t2, f95, Stopped
t2, f96, Stopped
t2, f97, Realizable
t2, f98, Stopped
t2, f99, Stopped
t2, f100, Stopped
t2, f101, Stopped
t2, f102, Realizable
t2, f103, Stopped
t2, f104, Stopped
t2, f105, Stopped
t2, f106, Stopped
t2, f107, Stopped
t2, f108, Stopped
t2, f109, Stopped
t2, f110, Stopped
t2, f111, Stopped
t2, f112, Stopped
t2, f113, Stopped
t2, f114, Stopped
t2, f115, Stopped
t2, f116, Stopped
t2, f117, Stopped
t2, f118, Stopped
t2, f119, Stopped
t2, f120, Stopped
t2, f121, Stopped
t2, f122, Stopped
t2, f123, Stopped
t2, f124, Stopped
t2, f125, Realizable
t2, f126, Stopped
t2, f127, Realizable
t2, f128, Stopped
t2, f129, Stopped
t2, f130, Stopped
t2, f131, Realizable
t2, f132, Stopped
t2, f133, Stopped
t2, f134, Stopped
t2, f135, Stopped
t2, f136, Stopped
t2, f137, Stopped
t2, f138, Stopped
t2, f139, Stopped
t2, f140, Stopped
t2, f141, Stopped
t2, f142, Stopped
t2, f143, Stopped
t2, f144, Stopped
t2, f145, Stopped
t2, f146, Stopped
t2, f147, Stopped
t2, f148, Stopped
t2, f149, Stopped
t2, f150, Stopped
t2, f151, Stopped
t2, f152, Stopped
t2, f153, Stopped
t2, f154, Stopped
t2, f155, Stopped
t2, f156, Stopped
t2, f157, Stopped
t2, f158, Stopped
t2, f159, Stopped
t2, f160, Stopped
t2, f161, Stopped
t2, f162, Realizable
t2, f163, Stopped
t2, f164, Stopped
t2, f165, Stopped
t2, f166, Stopped
t2, f167, Stopped
t2, f168, Stopped
t2, f169, Stopped
t2, f170, Stopped
t2, f171, Stopped
t2, f172, Stopped
t2, f173, Stopped
t2, f174, Stopped
t2, f175, Stopped
t2, f176, Stopped
t2, f177, Stopped
t2, f178, Stopped
t2, f179, Stopped
t2, f180, Stopped
t2, f181, Stopped
t2, f182, Realizable
t2, f183, Stopped
t2, f184, Stopped
t2, f185, Stopped
t2, f186, Stopped
t2, f187, Stopped
t2, f188, Stopped
t2, f189, Stopped
t2, f190, Stopped
t2, f191, Stopped
t2, f192, Stopped
t2, f193, Stopped
t2, f194, Stopped
t2, f195, Stopped
t2, f196, Stopped
t2, f197, Stopped
t2, f198, Stopped
t2, f199, Stopped
t2, f200, Stopped
t3, f1, Stopped
t3, f2, Stopped
t3, f3, Stopped
t3, f4, Stopped
t3, f5, Stopped
t3, f6, Stopped
t3, f7, Stopped
t3, f8, Stopped
t3, f9, Realizable
t3, f10, Stopped
t3, f11, Stopped
t3, f12, Stopped
t3, f13, Stopped
t3, f14, Stopped
t3, f15, Stopped
t3, f16, Stopped
t3, f17, Stopped
t3, f18, Stopped
t3, f19, Stopped
t3, f20, Stopped
t3, f21, Stopped
t3, f22, Stopped
t3, f23, Stopped
t3, f24, Stopped
t3, f25, Stopped
t3, f26, Stopped
t3, f27, Stopped
t3, f28, Stopped
t3, f29, Stopped
t3, f30, Stopped
t3, f31, Stopped
t3, f32, Stopped
t3, f33, Stopped
t3, f34, Stopped
t3, f35, Stopped
t3, f36, Stopped
t3, f37, Stopped
t3, f38, Stopped
t3, f39, Stopped
t3, f40, Stopped
t3, f41, Stopped
t3, f42, Stopped
t3, f43, Stopped
t3, f44, Stopped
t3, f45, Stopped
t3, f46, Stopped
t3, f47, Stopped
t3, f48, Stopped
t3, f49, Stopped
t3, f50, Stopped
t3, f51, Stopped
t3, f52, Stopped
t3, f53, Stopped
t3, f54, Stopped
t3, f55, Stopped
t3, f56, Stopped
t3, f57, Stopped
t3, f58, Stopped
t3, f59, Stopped
t3, f60, Stopped
t3, f61, Stopped
t3, f62, Stopped
t3, f63, Stopped
t3, f64, Stopped
t3, f65, Stopped
t3, f66, Stopped
t3, f67, Stopped
t3, f68, Stopped
t3, f69, Stopped
t3, f70, Stopped
t3, f71, Stopped
t3, f72, Stopped
t3, f73, Stopped
t3, f74, Stopped
t3, f75, Stopped
t3, f76, Stopped
t3, f77, Stopped
t3, f78, Stopped
t3, f79, Stopped
t3, f80, Stopped
t3, f81, Stopped
t3, f82, Stopped
t3, f83, Stopped
t3, f84, Stopped
t3, f85, Stopped
t3, f86, Stopped
t3, f87, Stopped
t3, f88, Stopped
t3, f89, Stopped
t3, f90, Stopped
t3, f91, Stopped
t3, f92, Stopped
t3, f93, Stopped
t3, f94, Stopped
t3, f95, Stopped
t3, f96, Stopped
t3, f97, Stopped
t3, f98, Stopped
t3, f99, Stopped
t3, f100, Stopped
t3, f101, Stopped
t3, f102, Stopped
t3, f103, Stopped
t3, f104, Stopped
t3, f105, Stopped
t3, f106, Stopped
t3, f107, Stopped
t3, f108, Stopped
t3, f109, Stopped
t3, f110, Stopped
t3, f111, Stopped
t3, f112, Stopped
t3, f113, Stopped
t3, f114, Stopped
t3, f115, Stopped
t3, f116, Stopped
t3, f117, Realizable
t3, f118, Stopped
t3, f119, Stopped
t3, f120, Stopped
t3, f121, Stopped
t3, f122, Stopped
t3, f123, Stopped
t3, f124, Stopped
t3, f125, Stopped
t3, f126, Stopped
t3, f127, Stopped
t3, f128, Stopped
t3, f129, Stopped
t3, f130, Stopped
t3, f131, Stopped
t3, f132, Stopped
t3, f133, Stopped
t3, f134, Stopped
t3, f135, Stopped
t3, f136, Stopped
t3, f137, Stopped
t3, f138, Stopped
t3, f139, Stopped
t3, f140, Stopped
t3, f141, Stopped
t3, f142, Stopped
t3, f143, Stopped
t3, f144, Stopped
t3, f145, Stopped
t3, f146, Stopped
t3, f147, Stopped
t3, f148, Stopped
t3, f149, Stopped
t3, f150, Stopped
t3, f151, Stopped
t3, f152, Stopped
t3, f153, Stopped
t3, f154, Stopped
t3, f155, Stopped
t3, f156, Stopped
t3, f157, Stopped
t3, f158, Stopped
t3, f159, Stopped
t3, f160, Stopped
t3, f161, Stopped
t3, f162, Stopped
t3, f163, Stopped
t3, f164, Stopped
t3, f165, Stopped
t3, f166, Stopped
t3, f167, Stopped
t3, f168, Stopped
t3, f169, Stopped
t3, f170, Stopped
t3, f171, Stopped
t3, f172, Stopped
t3, f173, Stopped
t3, f174, Stopped
t3, f175, Stopped
t3, f176, Stopped
t3, f177, Stopped
t3, f178, Stopped
t3, f179, Stopped
t3, f180, Stopped
t3, f181, Stopped
t3, f182, Realizable
t3, f183, Stopped
t3, f184, Stopped
t3, f185, Stopped
t3, f186, Stopped
t3, f187, Stopped
t3, f188, Stopped
t3, f189, Stopped
t3, f190, Stopped
t3, f191, Stopped
t3, f192, Stopped
t3, f193, Stopped
t3, f194, Stopped
t3, f195, Stopped
t3, f196, Stopped
t3, f197, Stopped
t3, f198, Stopped
t3, f199, Stopped
t3, f200, Stopped
t4, f1, Stopped
t4, f2, Stopped
t4, f3, Stopped
t4, f4, Stopped
t4, f5, Stopped
t4, f6, Stopped
t4, f7, Stopped
t4, f8, Stopped
t4, f9, Stopped
t4, f10, Stopped
t4, f11, Stopped
t4, f12, Stopped
t4, f13, Stopped
t4, f14, Stopped
t4, f15, Stopped
t4, f16, Stopped
t4, f17, Stopped
t4, f18, Stopped
t4, f19, Stopped
t4, f20, Stopped
t4, f21, Stopped
t4, f22, Stopped
t4, f23, Stopped
t4, f24, Stopped
t4, f25, Stopped
t4, f26, Stopped
t4, f27, Stopped
t4, f28, Stopped
t4, f29, Stopped
t4, f30, Stopped
t4, f31, Stopped
t4, f32, Stopped
t4, f33, Stopped
t4, f34, Stopped
t4, f35, Stopped
t4, f36, Stopped
t4, f37, Stopped
t4, f38, Stopped
t4, f39, Stopped
t4, f40, Stopped
t4, f41, Stopped
t4, f42, Stopped
t4, f43, Stopped
t4, f44, Stopped
t4, f45, Stopped
t4, f46, Stopped
t4, f47, Stopped
t4, f48, Stopped
t4, f49, Stopped
t4, f50, Stopped
t4, f51, Realizable
t4, f52, Stopped
t4, f53, Stopped
t4, f54, Stopped
t4, f55, Stopped
t4, f56, Stopped
t4, f57, Stopped
t4, f58, Stopped
t4, f59, Stopped
t4, f60, Stopped
t4, f61, Stopped
t4, f62, Stopped
t4, f63, Stopped
t4, f64, Stopped
t4, f65, Stopped
t4, f66, Stopped
t4, f67, Stopped
t4, f68, Stopped
t4, f69, Stopped
t4, f70, Stopped
t4, f71, Stopped
t4, f72, Stopped
t4, f73, Stopped
t4, f74, Stopped
t4, f75, Stopped
t4, f76, Stopped
t4, f77, Stopped
t4, f78, Stopped
t4, f79, Stopped
t4, f80, Stopped
t4, f81, Stopped
t4, f82, Stopped
t4, f83, Stopped
t4, f84, Stopped
t4, f85, Stopped
t4, f86, Stopped
t4, f87, Stopped
t4, f88, Stopped
t4, f89, Stopped
t4, f90, Stopped
t4, f91, Stopped
t4, f92, Stopped
t4, f93, Stopped
t4, f94, Stopped
t4, f95, Stopped
t4, f96, Stopped
t4, f97, Stopped
t4, f98, Stopped
t4, f99, Stopped
t4, f100, Stopped
t4, f101, Stopped
t4, f102, Stopped
t4, f103, Stopped
t4, f104, Stopped
t4, f105, Stopped
t4, f106, Stopped
t4, f107, Stopped
t4, f108, Stopped
t4, f109, Stopped
t4, f110, Stopped
t4, f111, Stopped
t4, f112, Stopped
t4, f113, Stopped
t4, f114, Stopped
t4, f115, Stopped
t4, f116, Stopped
t4, f117, Stopped
t4, f118, Stopped
t4, f119, Stopped
t4, f120, Stopped
t4, f121, Stopped
t4, f122, Stopped
t4, f123, Stopped
t4, f124, Stopped
t4, f125, Stopped
t4, f126, Stopped
t4, f127, Stopped
t4, f128, Stopped
t4, f129, Stopped
t4, f130, Stopped
t4, f131, Stopped
t4, f132, Stopped
t4, f133, Stopped
t4, f134, Stopped
t4, f135, Realizable
t4, f136, Stopped
t4, f137, Stopped
t4, f138, Stopped
t4, f139, Stopped
t4, f140, Stopped
t4, f141, Stopped
t4, f142, Stopped
t4, f143, Stopped
t4, f144, Stopped
t4, f145, Stopped
t4, f146, Stopped
t4, f147, Stopped
t4, f148, Stopped
t4, f149, Stopped
t4, f150, Stopped
t4, f151, Stopped
t4, f152, Stopped
t4, f153, Stopped
t4, f154, Stopped
t4, f155, Stopped
t4, f156, Stopped
t4, f157, Stopped
t4, f158, Stopped
t4, f159, Stopped
t4, f160, Stopped
t4, f161, Stopped
t4, f162, Stopped
t4, f163, Stopped
t4, f164, Stopped
t4, f165, Stopped
t4, f166, Stopped
t4, f167, Stopped
t4, f168, Stopped
t4, f169, Stopped
t4, f170, Realizable
t4, f171, Stopped
t4, f172, Stopped
t4, f173, Stopped
t4, f174, Stopped
t4, f175, Stopped
t4, f176, Stopped
t4, f177, Stopped
t4, f178, Stopped
t4, f179, Stopped
t4, f180, Stopped
t4, f181, Stopped
t4, f182, Stopped
t4, f183, Stopped
t4, f184, Stopped
t4, f185, Stopped
t4, f186, Realizable
t4, f187, Stopped
t4, f188, Stopped
t4, f189, Stopped
t4, f190, Stopped
t4, f191, Stopped
t4, f192, Stopped
t4, f193, Stopped
t4, f194, Stopped
t4, f195, Stopped
t4, f196, Stopped
t4, f197, Stopped
t4, f198, Stopped
t4, f199, Stopped
t4, f200, Stopped
t5, f1, Stopped
t5, f2, Stopped
t5, f3, Stopped
t5, f4, Stopped
t5, f5, Stopped
t5, f6, Stopped
t5, f7, Stopped
t5, f8, Stopped
t5, f9, Stopped
t5, f10, Stopped
t5, f11, Stopped
t5, f12, Stopped
t5, f13, Stopped
t5, f14, Stopped
t5, f15, Stopped
t5, f16, Stopped
t5, f17, Stopped
t5, f18, Stopped
t5, f19, Realizable
t5, f20, Stopped
t5, f21, Stopped
t5, f22, Stopped
t5, f23, Stopped
t5, f24, Stopped
t5, f25, Stopped
t5, f26, Stopped
t5, f27, Stopped
t5, f28, Stopped
t5, f29, Stopped
t5, f30, Stopped
t5, f31, Stopped
t5, f32, Stopped
t5, f33, Stopped
t5, f34, Stopped
t5, f35, Stopped
t5, f36, Stopped
t5, f37, Stopped
t5, f38, Stopped
t5, f39, Realizable
t5, f40, Stopped
t5, f41, Stopped
t5, f42, Stopped
t5, f43, Stopped
t5, f44, Stopped
t5, f45, Stopped
t5, f46, Stopped
t5, f47, Realizable
t5, f48, Stopped
t5, f49, Stopped
t5, f50, Stopped
t5, f51, Stopped
t5, f52, Stopped
t5, f53, Stopped
t5, f54, Stopped
t5, f55, Stopped
t5, f56, Realizable
t5, f57, Stopped
t5, f58, Stopped
t5, f59, Stopped
t5, f60, Stopped
t5, f61, Stopped
t5, f62, Stopped
t5, f63, Stopped
t5, f64, Realizable
t5, f65, Stopped
t5, f66, Stopped
t5, f67, Stopped
t5, f68, Stopped
t5, f69, Stopped
t5, f70, Stopped
t5, f71, Stopped
t5, f72, Stopped
t5, f73, Stopped
t5, f74, Stopped
t5, f75, Stopped
t5, f76, Stopped
t5, f77, Stopped
t5, f78, Stopped
t5, f79, Stopped
t5, f80, Stopped
t5, f81, Stopped
t5, f82, Stopped
t5, f83, Stopped
t5, f84, Stopped
t5, f85, Stopped
t5, f86, Stopped
t5, f87, Stopped
t5, f88, Stopped
t5, f89, Stopped
t5, f90, Stopped
t5, f91, Stopped
t5, f92, Stopped
t5, f93, Stopped
t5, f94, Stopped
t5, f95, Stopped
t5, f96, Stopped
t5, f97, Stopped
t5, f98, Stopped
t5, f99, Stopped
t5, f100, Stopped
t5, f101, Stopped
t5, f102, Stopped
t5, f103, Stopped
t5, f104, Stopped
t5, f105, Stopped
t5, f106, Stopped
t5, f107, Stopped
t5, f108, Stopped
t5, f109, Stopped
t5, f110, Stopped
t5, f111, Stopped
t5, f112, Stopped
t5, f113, Stopped
t5, f114, Stopped
t5, f115, Stopped
t5, f116, Stopped
t5, f117, Stopped
t5, f118, Stopped
t5, f119, Stopped
t5, f120, Stopped
t5, f121, Stopped
t5, f122, Stopped
t5, f123, Stopped
t5, f124, Stopped
t5, f125, Stopped
t5, f126, Stopped
t5, f127, Stopped
t5, f128, Realizable
t5, f129, Stopped
t5, f130, Stopped
t5, f131, Stopped
t5, f132, Stopped
t5, f133, Stopped
t5, f134, Stopped
t5, f135, Stopped
t5, f136, Stopped
t5, f137, Stopped
t5, f138, Stopped
t5, f139, Stopped
t5, f140, Stopped
t5, f141, Stopped
t5, f142, Stopped
t5, f143, Stopped
t5, f144, Stopped
t5, f145, Stopped
t5, f146, Stopped
t5, f147, Stopped
t5, f148, Realizable
t5, f149, Stopped
t5, f150, Stopped
t5, f151, Stopped
t5, f152, Stopped
t5, f153, Stopped
t5, f154, Stopped
t5, f155, Stopped
t5, f156, Stopped
t5, f157, Stopped
t5, f158, Stopped
t5, f159, Stopped
t5, f160, Stopped
t5, f161, Stopped
t5, f162, Stopped
t5, f163, Stopped
t5, f164, Stopped
t5, f165, Stopped
t5, f166, Stopped
t5, f167, Stopped
t5, f168, Stopped
t5, f169, Stopped
t5, f170, Stopped
t5, f171, Stopped
t5, f172, Stopped
t5, f173, Stopped
t5, f174, Stopped
t5, f175, Stopped
t5, f176, NoResFile
t5, f177, Stopped
t5, f178, Stopped
t5, f179, Stopped
t5, f180, Stopped
t5, f181, Stopped
t5, f182, Stopped
t5, f183, Stopped
t5, f184, Stopped
t5, f185, Stopped
t5, f186, Stopped
t5, f187, Stopped
t5, f188, Stopped
t5, f189, Stopped
t5, f190, Stopped
t5, f191, Stopped
t5, f192, Stopped
t5, f193, Stopped
t5, f194, Stopped
t5, f195, Stopped
t5, f196, Stopped
t5, f197, Stopped
t5, f198, Stopped
t5, f199, Stopped
t5, f200, Stopped
t6, f1, Stopped
t6, f2, Stopped
t6, f3, Stopped
t6, f4, Stopped
t6, f5, Stopped
t6, f6, Stopped
t6, f7, Stopped
t6, f8, Stopped
t6, f9, Stopped
t6, f10, Stopped
t6, f11, Stopped
t6, f12, Stopped
t6, f13, Stopped
t6, f14, Stopped
t6, f15, Stopped
t6, f16, Stopped
t6, f17, Stopped
t6, f18, Stopped
t6, f19, Stopped
t6, f20, Stopped
t6, f21, Stopped
t6, f22, Stopped
t6, f23, Stopped
t6, f24, Stopped
t6, f25, Stopped
t6, f26, Stopped
t6, f27, Realizable
t6, f28, Stopped
t6, f29, Stopped
t6, f30, Stopped
t6, f31, Stopped
t6, f32, Stopped
t6, f33, Stopped
t6, f34, Stopped
t6, f35, Stopped
t6, f36, Stopped
t6, f37, Stopped
t6, f38, Stopped
t6, f39, Stopped
t6, f40, Stopped
t6, f41, Stopped
t6, f42, Stopped
t6, f43, Realizable
t6, f44, Stopped
t6, f45, Stopped
t6, f46, Stopped
t6, f47, Stopped
t6, f48, Stopped
t6, f49, Stopped
t6, f50, Stopped
t6, f51, Stopped
t6, f52, Stopped
t6, f53, Stopped
t6, f54, Stopped
t6, f55, Stopped
t6, f56, Stopped
t6, f57, Stopped
t6, f58, Stopped
t6, f59, Stopped
t6, f60, Stopped
t6, f61, Stopped
t6, f62, Stopped
t6, f63, Stopped
t6, f64, Stopped
t6, f65, Stopped
t6, f66, Stopped
t6, f67, Stopped
t6, f68, Stopped
t6, f69, Stopped
t6, f70, Stopped
t6, f71, Stopped
t6, f72, Stopped
t6, f73, Realizable
t6, f74, Stopped
t6, f75, Stopped
t6, f76, Stopped
t6, f77, Stopped
t6, f78, Stopped
t6, f79, Stopped
t6, f80, Stopped
t6, f81, Stopped
t6, f82, Stopped
t6, f83, Stopped
t6, f84, Stopped
t6, f85, Stopped
t6, f86, Stopped
t6, f87, Stopped
t6, f88, Stopped
t6, f89, Stopped
t6, f90, Stopped
t6, f91, Stopped
t6, f92, Stopped
t6, f93, Stopped
t6, f94, Stopped
t6, f95, Stopped
t6, f96, Stopped
t6, f97, Stopped
t6, f98, Stopped
t6, f99, Stopped
t6, f100, Stopped
t6, f101, Stopped
t6, f102, Stopped
t6, f103, Stopped
t6, f104, Stopped
t6, f105, Stopped
t6, f106, Stopped
t6, f107, Stopped
t6, f108, Stopped
t6, f109, Stopped
t6, f110, Stopped
t6, f111, Stopped
t6, f112, Stopped
t6, f113, Stopped
t6, f114, Stopped
t6, f115, Stopped
t6, f116, Stopped
t6, f117, Stopped
t6, f118, Stopped
t6, f119, Stopped
t6, f120, Stopped
t6, f121, Stopped
t6, f122, Stopped
t6, f123, Stopped
t6, f124, Stopped
t6, f125, Stopped
t6, f126, Stopped
t6, f127, Stopped
t6, f128, Stopped
t6, f129, Stopped
t6, f130, Realizable
t6, f131, Stopped
t6, f132, Stopped
t6, f133, Stopped
t6, f134, Stopped
t6, f135, Stopped
t6, f136, Stopped
t6, f137, Stopped
t6, f138, Stopped
t6, f139, Stopped
t6, f140, Stopped
t6, f141, Stopped
t6, f142, Stopped
t6, f143, Stopped
t6, f144, Stopped
t6, f145, Stopped
t6, f146, Stopped
t6, f147, Stopped
t6, f148, Stopped
t6, f149, Stopped
t6, f150, Stopped
t6, f151, Stopped
t6, f152, Stopped
t6, f153, Stopped
t6, f154, Stopped
t6, f155, Stopped
t6, f156, Stopped
t6, f157, Stopped
t6, f158, Stopped
t6, f159, Stopped
t6, f160, Stopped
t6, f161, Stopped
t6, f162, Stopped
t6, f163, Stopped
t6, f164, Stopped
t6, f165, Stopped
t6, f166, Stopped
t6, f167, Stopped
t6, f168, Stopped
t6, f169, Stopped
t6, f170, Stopped
t6, f171, Stopped
t6, f172, Stopped
t6, f173, Stopped
t6, f174, Stopped
t6, f175, Stopped
t6, f176, Stopped
t6, f177, Stopped
t6, f178, Stopped
t6, f179, Stopped
t6, f180, Stopped
t6, f181, Stopped
t6, f182, Stopped
t6, f183, Stopped
t6, f184, Stopped
t6, f185, Stopped
t6, f186, Stopped
t6, f187, Stopped
t6, f188, Stopped
t6, f189, Stopped
t6, f190, Stopped
t6, f191, Stopped
t6, f192, Stopped
t6, f193, Stopped
t6, f194, Stopped
t6, f195, Stopped
t6, f196, Stopped
t6, f197, Stopped
t6, f198, Stopped
t6, f199, Stopped
t6, f200, Stopped
t7, f1, Stopped
t7, f2, Stopped
t7, f3, Stopped
t7, f4, Stopped
t7, f5, Stopped
t7, f6, Stopped
t7, f7, Stopped
t7, f8, Stopped
t7, f9, Stopped
t7, f10, Stopped
t7, f11, Stopped
t7, f12, Stopped
t7, f13, Stopped
t7, f14, Stopped
t7, f15, Stopped
t7, f16, Stopped
t7, f17, Stopped
t7, f18, Stopped
t7, f19, Stopped
t7, f20, Stopped
t7, f21, Stopped
t7, f22, Stopped
t7, f23, Stopped
t7, f24, Realizable
t7, f25, Stopped
t7, f26, Stopped
t7, f27, Stopped
t7, f28, Stopped
t7, f29, Stopped
t7, f30, Stopped
t7, f31, Stopped
t7, f32, Realizable
t7, f33, Stopped
t7, f34, Stopped
t7, f35, Stopped
t7, f36, Stopped
t7, f37, Stopped
t7, f38, Stopped
t7, f39, Stopped
t7, f40, Stopped
t7, f41, Stopped
t7, f42, Stopped
t7, f43, Stopped
t7, f44, Stopped
t7, f45, Stopped
t7, f46, Stopped
t7, f47, Stopped
t7, f48, Stopped
t7, f49, Stopped
t7, f50, Stopped
t7, f51, Stopped
t7, f52, Stopped
t7, f53, Stopped
t7, f54, Stopped
t7, f55, Stopped
t7, f56, Stopped
t7, f57, Stopped
t7, f58, Stopped
t7, f59, Stopped
t7, f60, Stopped
t7, f61, Stopped
t7, f62, Stopped
t7, f63, Stopped
t7, f64, Stopped
t7, f65, Stopped
t7, f66, Stopped
t7, f67, Stopped
t7, f68, Stopped
t7, f69, Stopped
t7, f70, Stopped
t7, f71, Stopped
t7, f72, Stopped
t7, f73, Stopped
t7, f74, Stopped
t7, f75, Stopped
t7, f76, Stopped
t7, f77, Stopped
t7, f78, Stopped
t7, f79, Stopped
t7, f80, Stopped
t7, f81, Stopped
t7, f82, Stopped
t7, f83, Stopped
t7, f84, Stopped
t7, f85, Stopped
t7, f86, Stopped
t7, f87, Stopped
t7, f88, Stopped
t7, f89, Stopped
t7, f90, Stopped
t7, f91, Stopped
t7, f92, Stopped
t7, f93, Stopped
t7, f94, Stopped
t7, f95, Stopped
t7, f96, Stopped
t7, f97, Stopped
t7, f98, Stopped
t7, f99, Stopped
t7, f100, Stopped
t7, f101, Stopped
t7, f102, Stopped
t7, f103, Stopped
t7, f104, Stopped
t7, f105, Stopped
t7, f106, Stopped
t7, f107, Stopped
t7, f108, Stopped
t7, f109, Stopped
t7, f110, Stopped
t7, f111, Stopped
t7, f112, Stopped
t7, f113, Realizable
t7, f114, Stopped
t7, f115, Stopped
t7, f116, Stopped
t7, f117, Stopped
t7, f118, Stopped
t7, f119, Stopped
t7, f120, Stopped
t7, f121, Stopped
t7, f122, Stopped
t7, f123, Stopped
t7, f124, Stopped
t7, f125, Stopped
t7, f126, Stopped
t7, f127, Stopped
t7, f128, Stopped
t7, f129, Stopped
t7, f130, Stopped
t7, f131, Stopped
t7, f132, Stopped
t7, f133, Stopped
t7, f134, Stopped
t7, f135, Stopped
t7, f136, Stopped
t7, f137, Stopped
t7, f138, Stopped
t7, f139, Stopped
t7, f140, Stopped
t7, f141, Stopped
t7, f142, Stopped
t7, f143, Stopped
t7, f144, Stopped
t7, f145, Stopped
t7, f146, Stopped
t7, f147, Stopped
t7, f148, Stopped
t7, f149, Stopped
t7, f150, Stopped
t7, f151, Stopped
t7, f152, Stopped
t7, f153, Stopped
t7, f154, Stopped
t7, f155, Stopped
t7, f156, Stopped
t7, f157, Stopped
t7, f158, Stopped
t7, f159, Stopped
t7, f160, Stopped
t7, f161, Stopped
t7, f162, Stopped
t7, f163, Stopped
t7, f164, Stopped
t7, f165, Stopped
t7, f166, Stopped
t7, f167, Stopped
t7, f168, Stopped
t7, f169, Stopped
t7, f170, Stopped
t7, f171, Stopped
t7, f172, Stopped
t7, f173, Stopped
t7, f174, Stopped
t7, f175, Stopped
t7, f176, Stopped
t7, f177, Stopped
t7, f178, Stopped
t7, f179, Stopped
t7, f180, Stopped
t7, f181, Stopped
t7, f182, Stopped
t7, f183, Stopped
t7, f184, Stopped
t7, f185, Stopped
t7, f186, Stopped
t7, f187, Stopped
t7, f188, Stopped
t7, f189, Stopped
t7, f190, Stopped
t7, f191, Stopped
t7, f192, Stopped
t7, f193, Stopped
t7, f194, Stopped
t7, f195, Stopped
t7, f196, Stopped
t7, f197, Stopped
t7, f198, Stopped
t7, f199, Stopped
t7, f200, Stopped
t8, f1, Stopped
t8, f2, Stopped
t8, f3, Stopped
t8, f4, Stopped
t8, f5, Stopped
t8, f6, Stopped
t8, f7, Stopped
t8, f8, Stopped
t8, f9, Stopped
t8, f10, Stopped
t8, f11, Stopped
t8, f12, Stopped
t8, f13, Stopped
t8, f14, Stopped
t8, f15, Stopped
t8, f16, Stopped
t8, f17, Stopped
t8, f18, Stopped
t8, f19, Stopped
t8, f20, Stopped
t8, f21, Stopped
t8, f22, Stopped
t8, f23, Stopped
t8, f24, Stopped
t8, f25, Stopped
t8, f26, Stopped
t8, f27, Stopped
t8, f28, Stopped
t8, f29, Stopped
t8, f30, Stopped
t8, f31, Stopped
t8, f32, Stopped
t8, f33, Realizable
t8, f34, Stopped
t8, f35, Stopped
t8, f36, Stopped
t8, f37, Stopped
t8, f38, Stopped
t8, f39, Stopped
t8, f40, Stopped
t8, f41, Stopped
t8, f42, Stopped
t8, f43, Stopped
t8, f44, Stopped
t8, f45, Stopped
t8, f46, Stopped
t8, f47, Stopped
t8, f48, Stopped
t8, f49, Stopped
t8, f50, Stopped
t8, f51, Stopped
t8, f52, Stopped
t8, f53, Stopped
t8, f54, Stopped
t8, f55, Stopped
t8, f56, Stopped
t8, f57, Stopped
t8, f58, Stopped
t8, f59, Stopped
t8, f60, Stopped
t8, f61, Stopped
t8, f62, Stopped
t8, f63, Stopped
t8, f64, Stopped
t8, f65, Stopped
t8, f66, Stopped
t8, f67, Stopped
t8, f68, Stopped
t8, f69, Stopped
t8, f70, Stopped
t8, f71, Stopped
t8, f72, Stopped
t8, f73, Stopped
t8, f74, Stopped
t8, f75, Stopped
t8, f76, Stopped
t8, f77, Stopped
t8, f78, Stopped
t8, f79, Stopped
t8, f80, Stopped
t8, f81, Stopped
t8, f82, Stopped
t8, f83, Stopped
t8, f84, Stopped
t8, f85, Stopped
t8, f86, Stopped
t8, f87, Stopped
t8, f88, Stopped
t8, f89, Stopped
t8, f90, Stopped
t8, f91, Stopped
t8, f92, Stopped
t8, f93, Stopped
t8, f94, Stopped
t8, f95, Stopped
t8, f96, Stopped
t8, f97, Stopped
t8, f98, Stopped
t8, f99, Stopped
t8, f100, Stopped
t8, f101, Stopped
t8, f102, Stopped
t8, f103, Stopped
t8, f104, Stopped
t8, f105, Stopped
t8, f106, Stopped
t8, f107, Stopped
t8, f108, Stopped
t8, f109, Stopped
t8, f110, Stopped
t8, f111, Stopped
t8, f112, Stopped
t8, f113, Stopped
t8, f114, Stopped
t8, f115, Stopped
t8, f116, Stopped
t8, f117, Stopped
t8, f118, Stopped
t8, f119, Stopped
t8, f120, Stopped
t8, f121, Stopped
t8, f122, Stopped
t8, f123, Stopped
t8, f124, Stopped
t8, f125, Stopped
t8, f126, Stopped
t8, f127, Stopped
t8, f128, Stopped
t8, f129, Stopped
t8, f130, Stopped
t8, f131, Stopped
t8, f132, Stopped
t8, f133, Stopped
t8, f134, Stopped
t8, f135, Stopped
t8, f136, Stopped
t8, f137, Stopped
t8, f138, Stopped
t8, f139, Stopped
t8, f140, Stopped
t8, f141, Stopped
t8, f142, Stopped
t8, f143, Stopped
t8, f144, Stopped
t8, f145, Stopped
t8, f146, Stopped
t8, f147, Stopped
t8, f148, Stopped
t8, f149, Stopped
t8, f150, Stopped
t8, f151, Stopped
t8, f152, Stopped
t8, f153, Stopped
t8, f154, Stopped
t8, f155, Stopped
t8, f156, Stopped
t8, f157, Stopped
t8, f158, Stopped
t8, f159, Stopped
t8, f160, Stopped
t8, f161, Stopped
t8, f162, Stopped
t8, f163, Stopped
t8, f164, Stopped
t8, f165, Stopped
t8, f166, Stopped
t8, f167, Stopped
t8, f168, Stopped
t8, f169, Stopped
t8, f170, Stopped
t8, f171, Stopped
t8, f172, Stopped
t8, f173, Stopped
t8, f174, Stopped
t8, f175, Stopped
t8, f176, Stopped
t8, f177, Stopped
t8, f178, Stopped
t8, f179, Stopped
t8, f180, Stopped
t8, f181, Stopped
t8, f182, Stopped
t8, f183, Stopped
t8, f184, Stopped
t8, f185, Stopped
t8, f186, Stopped
t8, f187, Stopped
t8, f188, Stopped
t8, f189, Stopped
t8, f190, Stopped
t8, f191, Stopped
t8, f192, Stopped
t8, f193, Stopped
t8, f194, Stopped
t8, f195, Stopped
t8, f196, Stopped
t8, f197, Stopped
t8, f198, Stopped
t8, f199, Stopped
t8, f200, Stopped
t9, f1, Stopped
t9, f2, Stopped
t9, f3, Stopped
t9, f4, Stopped
t9, f5, Stopped
t9, f6, Stopped
t9, f7, Stopped
t9, f8, Stopped
t9, f9, Stopped
t9, f10, Stopped
t9, f11, Stopped
t9, f12, Stopped
t9, f13, Stopped
t9, f14, Stopped
t9, f15, Stopped
t9, f16, Stopped
t9, f17, Stopped
t9, f18, Stopped
t9, f19, Stopped
t9, f20, Stopped
t9, f21, Stopped
t9, f22, Stopped
t9, f23, Stopped
t9, f24, Stopped
t9, f25, Stopped
t9, f26, Stopped
t9, f27, Stopped
t9, f28, Stopped
t9, f29, Stopped
t9, f30, Stopped
t9, f31, Stopped
t9, f32, Stopped
t9, f33, Stopped
t9, f34, Stopped
t9, f35, Stopped
t9, f36, Stopped
t9, f37, Realizable
t9, f38, Stopped
t9, f39, Stopped
t9, f40, Stopped
t9, f41, Stopped
t9, f42, Stopped
t9, f43, Stopped
t9, f44, Stopped
t9, f45, Stopped
t9, f46, Stopped
t9, f47, Stopped
t9, f48, Stopped
t9, f49, Stopped
t9, f50, Stopped
t9, f51, Stopped
t9, f52, Stopped
t9, f53, Stopped
t9, f54, Stopped
t9, f55, Stopped
t9, f56, Stopped
t9, f57, Stopped
t9, f58, Stopped
t9, f59, Stopped
t9, f60, Stopped
t9, f61, Stopped
t9, f62, Stopped
t9, f63, Stopped
t9, f64, Stopped
t9, f65, Stopped
t9, f66, Realizable
t9, f67, Stopped
t9, f68, Stopped
t9, f69, Stopped
t9, f70, Stopped
t9, f71, Stopped
t9, f72, Stopped
t9, f73, Stopped
t9, f74, Stopped
t9, f75, Stopped
t9, f76, Stopped
t9, f77, Stopped
t9, f78, Stopped
t9, f79, Stopped
t9, f80, Stopped
t9, f81, Stopped
t9, f82, Stopped
t9, f83, Stopped
t9, f84, Stopped
t9, f85, Stopped
t9, f86, Stopped
t9, f87, Stopped
t9, f88, Stopped
t9, f89, Stopped
t9, f90, Stopped
t9, f91, Stopped
t9, f92, Stopped
t9, f93, Stopped
t9, f94, Stopped
t9, f95, Stopped
t9, f96, Stopped
t9, f97, Stopped
t9, f98, Stopped
t9, f99, Stopped
t9, f100, Stopped
t9, f101, Stopped
t9, f102, Stopped
t9, f103, Stopped
t9, f104, Stopped
t9, f105, Stopped
t9, f106, Stopped
t9, f107, Stopped
t9, f108, Stopped
t9, f109, Stopped
t9, f110, Stopped
t9, f111, Stopped
t9, f112, Stopped
t9, f113, Stopped
t9, f114, Stopped
t9, f115, Stopped
t9, f116, Stopped
t9, f117, Stopped
t9, f118, Stopped
t9, f119, Stopped
t9, f120, Stopped
t9, f121, Stopped
t9, f122, Stopped
t9, f123, Stopped
t9, f124, Stopped
t9, f125, Stopped
t9, f126, Stopped
t9, f127, Stopped
t9, f128, Stopped
t9, f129, Stopped
t9, f130, Stopped
t9, f131, Stopped
t9, f132, Stopped
t9, f133, Stopped
t9, f134, Realizable
t9, f135, Stopped
t9, f136, Stopped
t9, f137, Stopped
t9, f138, Stopped
t9, f139, Realizable
t9, f140, Stopped
t9, f141, Stopped
t9, f142, Stopped
t9, f143, Stopped
t9, f144, Stopped
t9, f145, Stopped
t9, f146, Stopped
t9, f147, Stopped
t9, f148, Stopped
t9, f149, Stopped
t9, f150, Stopped
t9, f151, Stopped
t9, f152, Stopped
t9, f153, Realizable
t9, f154, Stopped
t9, f155, Stopped
t9, f156, Stopped
t9, f157, Stopped
t9, f158, Stopped
t9, f159, Stopped
t9, f160, Stopped
t9, f161, Stopped
t9, f162, Stopped
t9, f163, Stopped
t9, f164, Stopped
t9, f165, Stopped
t9, f166, Stopped
t9, f167, Stopped
t9, f168, Stopped
t9, f169, Stopped
t9, f170, Stopped
t9, f171, Stopped
t9, f172, Stopped
t9, f173, Stopped
t9, f174, Stopped
t9, f175, Stopped
t9, f176, Stopped
t9, f177, Stopped
t9, f178, Stopped
t9, f179, Stopped
t9, f180, Stopped
t9, f181, Stopped
t9, f182, Stopped
t9, f183, Stopped
t9, f184, Stopped
t9, f185, Stopped
t9, f186, Stopped
t9, f187, Stopped
t9, f188, Stopped
t9, f189, Stopped
t9, f190, Stopped
t9, f191, Stopped
t9, f192, Stopped
t9, f193, Stopped
t9, f194, Stopped
t9, f195, Stopped
t9, f196, Stopped
t9, f197, Stopped
t9, f198, Stopped
t9, f199, Stopped
t9, f200, Stopped